image,height,width,label
0032996__0704__19_48_46_PC____END.png,68,59,4
0103_15_26_15_i15968_id798_cn1578065176872478000_thr960.Sg_bord .jpg,84,49,3
0103_16_22_48_i49897_id2244_cn1578068570398560000_thr855.Out looks_different.jpg,3,34,4
0103_16_27_03_i52441_id2298_cn1578068824303823000_thr995. crossing.jpg,84,0,4
0104_10_01_58_i685250_id8499_cn1578132123308811000_thr972.Out_bord .jpg,35,35,3
0104_10_02_14_i685370_id8586_cn1578132141730258000_thr919.Sg_bord looks_different.jpg,55,57,6
0104_10_23_50_i696402_id9900_cn1578133448280091000_thr805.In looks_different.jpg,15,34,6
0104_10_26_07_i696981_id10113_cn1578133593777734000_thr815.In crossing.jpg,22,71,0
0104_10_26_10_i696986_id10142_cn1578133598478148000_thr892.Sgl .jpg,83,33,3
0104_10_26_18_i696997_id10194_cn1578133609960638000_thr805.Sgl .jpg,78,72,6
0104_10_26_25_i697005_id10226_cn1578133589612020000_thr931. .jpg,60,25,6
0104_10_26_25_i697006_id10230_cn1578133624025859000_thr879.In_bord looks_different.jpg,23,36,0
0104_10_26_25_i697007_id10233_cn1578133616259732000_thr922. .jpg,70,39,3
0104_10_26_33_i697015_id10256_cn1578133589612020000_thr997.Out looks_different.jpg,46,45,6
0104_10_35_49_i698127_id10591_cn1578134204298373000_thr926.Out .jpg,4,53,6
0104_10_36_24_i698147_id10687_cn1578134239568831000_thr964.Out .jpg,23,13,3
0104_10_52_11_i698817_id10817_cn1578135254859818000_thr996. .jpg,41,15,0
0104_11_57_54_i703847_id11484_cn1578139151539376000_thr997.Out_bord looks_different.jpg,88,71,0
0104_12_46_50_i716713_id11802_cn1578142115759266000_thr993.In_bord looks_different.jpg,19,56,6
0104_13_34_25_i21260_id1225_cn1578144866872277000_thr949.In_bord .jpg,43,17,3
0104_13_47_12_i28929_id1569_cn1578145633048818000_thr979. crossing.jpg,13,19,4
0104_14_24_10_i51107_id2219_cn1578147840694354000_thr504. crossing.jpg,75,25,7
0104_14_26_01_i52215_id2412_cn1578147952944522000_thr689.Out .jpg,58,21,4
0104_15_14_18_i81183_id3256_cn1578150859599107000_thr784. crossing.jpg,35,19,6
0104_15_15_18_i81783_id3487_cn1578150920507376000_thr898.Sgl .jpg,35,45,4
0104_16_13_52_i116907_id6213_cn1578154433905458000_thr740.In_bord looks_different.jpg,88,57,7
0104_16_39_50_i132488_id6737_cn1578155994134536000_thr931.In .jpg,58,9,6
0104_16_43_20_i134533_id6911_cn1578156207704413000_thr998. .jpg,18,33,2
0105_13_11_38_i800505_id12673_cn1578229996078068000_thr757.Sgl .jpg,79,14,4
0105_14_00_14_i1811_id558_cn1578232815422111000_thr992. .jpg,72,40,2
0105_14_12_00_i8873_id1682_cn1578233522564828000_thr526.In .jpg,7,15,6
0105_14_32_44_i21303_id3071_cn1578234765784062000_thr996.Out .jpg,19,62,6
0105_16_01_02_i74273_id4351_cn1578240064698724000_thr972.Sgl .jpg,5,9,6
0105_16_02_43_i75286_id4472_cn1578240165544573000_thr985.In_bord looks_different.jpg,65,42,2
0106_11_09_20_i750469_id8276_cn1578308995851429000_thr958.In .jpg,59,20,6
0106_11_23_33_i755048_id8594_cn1578309848174827000_thr987. crossing.jpg,11,10,6
0106_11_27_19_i755925_id8684_cn1578310063296545000_thr885.In_bord .jpg,6,50,4
0106_11_51_24_i764947_id9073_cn1578311526721546000_thr969. looks_different.jpg,70,59,7
0106_12_03_57_i768698_id9275_cn1578312282704733000_thr929.Sgl looks_different.jpg,41,9,6
0106_12_51_54_i778433_id10381_cn1578315167839656000_thr654.In .jpg,18,10,4
0114_09_55_21_i552092_id9828_tcn-9828_cn1578995723306371000_thr999.Sgl_different_place.jpg,1,44,3
0114_10_32_44_i574524_id11923_tcn-11923_cn1578997967001402000_thr995.Sgl_different_place.jpg,66,72,6
0114_13_17_03_i673140_id21054_tcn-21054_cn1579007825250650000_thr999._different_place.jpg,88,69,6
0115_13_22_12_i1529968_id69062_tcn-69062_cn1579094537502142000_thr999.Out_different_place.jpg,22,50,3
0115_13_52_22_i1546069_id71070_tcn-71062_cn1579096349396301000_thr997._crossing.jpg,68,39,1
0116_11_53_05_i2295213_id99366_tcn-99366_cn1579175593077292000_thr999.Sgl_different_place.jpg,31,50,6
0118_15_43_37_i3963250_id172373_tcn-172373_cn1579362231560015000_thr905._different_place.jpg,14,45,7
0122_10_40_28_i6690502_id280068_tcn-280068_cn1579689643105600000_thr997.Out_.jpg,74,57,6
0122_13_54_14_i6753859_id287581_tcn-287581_cn1579701278915924000_thr714.Out_bord_.jpg,41,37,6
0122_14_03_56_i6756118_id288183_tcn-288183_cn1579701865935371000_thr993.Sgl_crossing.jpg,51,69,6
0123_09_28_01_i516947_id26662_tcn-26662_cn1579771684572553000_thr793.Sgl_.jpg,74,7,6
0123_10_04_24_i537111_id34766_tcn-34766_cn1579773867553691000_thr997._different_place.jpg,28,61,6
0123_12_18_21_i604764_id58531_tcn-58531_cn1579781909154011000_thr604.In_.jpg,52,24,6
0123_12_34_53_i614172_id59299_tcn-59299_cn1579782901829622000_thr925.Sgl_crossing.jpg,9,7,6
0123_14_58_35_i690600_id68971_tcn-68967_cn1579791517434729000_thr999._.jpg,33,37,6
0124_09_22_32_i1310051_id94754_tcn-94754_cn1579857765661983000_thr999.In_.jpg,13,8,0
0125_10_12_55_i2123775_id156721_tcn-156721_cn1579947193123526000_thr924.Sgl_different_place.jpg,4,35,7
0125_21_32_57_i2413228_id185973_tcn-185973_cn1579987994434778000_thr898.Out_.jpg,24,29,3
0126_12_58_27_i2953401_id188151_tcn-188151_cn1580043518152818000_thr817.In_bord_.jpg,75,17,6
0126_13_58_32_i2986029_id188765_tcn-188765_cn1580047133187913000_thr988.Sg_bord_crossing.jpg,42,43,4
0126_14_39_04_i3008309_id189178_tcn-189178_cn1580049557175805000_thr994.Sgl_looks_different.jpg,23,37,6
0128_09_01_49_i4340623_id224458_tcn-224458_cn1580202121104606000_thr997.Sgl_crossing.jpg,11,73,6
0128_09_32_40_i4350527_id225641_tcn-225640_cn1580203976488687000_thr999.Out_different_place.jpg,5,15,6
0128_09_46_34_i4354719_id226395_tcn-226395_cn1580204809223351000_thr998._crossing.jpg,61,38,6
0128_13_03_05_i4416579_id237136_tcn-237136_cn1580216583583981000_thr951.Out_bord_looks_different.jpg,63,64,6
0128_13_19_04_i4422091_id238649_tcn-238649_cn1580217570227598000_thr726.Sg_bord_different_place.jpg,84,65,6
0128_14_35_45_i4444136_id242947_tcn-242947_cn1580222170537811000_thr951.In_different_place.jpg,30,6,4
0130__10_17_51__i0633830__gcn0093193__0093194__person_1611991088456086084.png,20,8,7
0201_11_44_58_i7058812_id333075_tcn-333075_cn1580557504499719000_thr996._.jpg,35,37,3
0204_09_41_06_i8999753_id387219_tcn-387219_cn1580809289121412000_thr652.Out_different_place.jpg,66,40,6
0204_16_28_44_i9132320_id396755_tcn-396755_cn1580833725712224000_thr716.Out_.jpg,22,40,6
0205_16_32_43_i9808713_id414258_tcn-414258_cn1580920395848840000_thr939.Sgl_looks_different.jpg,20,14,6
0206_09_06_39_i10331683_id420140_tcn-420140_cn1580979984285755000_thr809._crossing.jpg,66,9,6
0206_09_50_43_i10348201_id420845_tcn-420845_cn1580982673232239000_thr875.Sgl_looks_different.jpg,19,31,6
0206_11_23_06_i10386141_id422197_tcn-422197_cn1580988212571371000_thr976.Sgl_looks_different.jpg,23,24,6
0206_13_06_43_i10434386_id423282_tcn-423282_cn1580994443518317000_thr973.Sgl_crossing.jpg,66,9,6
0206_13_53_53_i10452888_id423962_tcn-423962_cn1580997277910967000_thr638.In_different_place.jpg,18,29,7
0206_14_11_24_i10460014_id424161_tcn-424161_cn1580998303493251000_thr934.In_bord_.jpg,37,45,3
0206_19_56_27_i10617506_id427585_tcn-427585_cn1581019013535536000_thr671._crossing.jpg,31,27,6
0207_10_39_54_i11110295_id430785_tcn-430785_cn1581072017623700000_thr930.Sg_bord_looks_different.jpg,81,6,6
0207_11_43_01_i11137650_id431584_tcn-431584_cn1581075825789324000_thr989.Sgl_different_place.jpg,48,60,6
0207_11_56_28_i11142897_id431830_tcn-431822_cn1581076599956789000_thr999.Out_different_place.jpg,75,39,3
0207_12_47_34_i11166210_id432398_tcn-432398_cn1581079684022165000_thr995.Sgl_crossing.jpg,71,61,0
0207_19_07_53_i11323912_id437887_tcn-437887_cn1581102518620360000_thr933.Sgl_different_place.jpg,31,52,6
0207__21_11_01__i0177681__gcn0003856__0004115__person_____L1____.png,13,2,0
0207__21_17_38__i0181652__gcn0004179__0004180__person_____L2____.png,68,24,3
0208_08_42_58_i11796797_id438701_tcn-438701_cn1581151401631702000_thr916.Sg_bord_different_place.jpg,5,37,6
0208_14_46_16_i11984524_id441324_tcn-441324_cn1581173210684749000_thr888.Out_.jpg,71,29,7
0208_17_28_28_i12069293_id442298_tcn-442298_cn1581182935752941000_thr992.Sgl_looks_different.jpg,84,26,6
0208__07_33_18__i0163519__gcn0002259__0002271__person_____L1____.png,41,56,2
0208__08_23_44__i0193784__gcn0007112__0007313__person__P2_______.png,34,2,7
0208__08_25_16__i0194737__gcn0008755__0008760__person_____L2____.png,32,24,3
0208__08_43_07__i0205454__gcn0017010__0017010__person_____L2____.png,20,28,3
0208__08_57_19__i0213980__gcn0023152__0023152__person_____L2____.png,40,32,3
0208__08_57_19__i0213981__gcn0023152__0023155__person___________.png,40,32,3
0208__08_58_31__i0214695__gcn0023260__0023280__person__P2_______.png,25,0,4
0208__09_34_37__i0236290__gcn0035376__0035376__person__P2_______.png,72,4,6
0208__09_35_07__i0236556__gcn0035970__0035981__person__P2_L2____.png,16,14,7
0208__09_35_08__i0236560__gcn0035970__0036067__person_____L2____.png,7,3,7
0208__09_36_29__i0237206__gcn0037443__0038020__person___________.png,80,36,7
0208__09_36_30__i0237209__gcn0037443__0038027__person___________.png,80,36,4
0208__11_00_56__i0287654__gcn0066764__0066764__person__P1_L1____.png,32,68,7
0208__11_46_36__i0315092__gcn0086209__0086351__person__P2_______.png,4,6,0
0208__12_05_53__i0326664__gcn0090700__0090700__person_____L2____.png,25,70,3
0208__12_08_00__i0327940__gcn0091951__0091955__person_____L2____.png,39,67,3
0208__12_09_52__i0329054__gcn0092163__0092163__person_____L2____.png,37,38,3
0208__12_13_08__i0331017__gcn0092796__0092942__person___________.png,10,2,7
0208__12_13_08__i0331018__gcn0092796__0093015__person___________.png,8,0,7
0208__12_50_08__i0353225__gcn0100771__0100771__person_____L1____.png,88,24,3
0208__12_50_10__i0353237__gcn0100771__0100785__person_____L1____.png,65,4,3
0208__12_50_10__i0353238__gcn0100771__0100792__person_____L2____.png,31,13,3
0209__08_47_53__i0208283__gcn0017000__0017007__person___________.png,54,36,2
0209__08_49_59__i0209498__gcn0017000__0018938__person__P2_______.png,62,38,2
0209__10_25_08__i0266637__gcn0041406__0041568__person___________.png,28,20,7
0209__11_38_00__i0310376__gcn0055839__0055841__person___________.png,86,22,2
0209__11_38_00__i0310378__gcn0055839__0055845__person___________.png,81,63,2
0209__13_29_23__i0376747__gcn0071996__0072034__person_____L2____.png,18,38,4
0210__08_32_14__i0198931__gcn0002106__0002516__person_____L2____.png,16,20,7
0210__09_22_12__i0228914__gcn0005814__0005814__person__P2_______.png,63,19,3
0210__10_40_33__i0275936__gcn0010928__0010928__person_____L2____.png,77,5,1
0210__13_11_18__i0366402__gcn0017888__0017888__person_____L2____.png,25,17,6
0210__16_51_58__i0498353__gcn0030584__0030584__person__P2_______.png,83,8,0
0210__17_32_30__i0522682__gcn0034080__0034080__person__P1_L1____.png,4,10,3
0210__18_18_11__i0550091__gcn0035667__0035674__person__P2_L2____.png,60,17,4
0210__18_18_11__i0550094__gcn0035667__0035674__person__P1_L1____.png,44,35,4
0211__07_22_36__i0157111__gcn0001286__0001295__person_____L1____.png,21,2,0
0211__07_31_09__i0162240__gcn0001631__0001639__person__P1_L1____.png,21,5,0
0211__08_45_27__i0206834__gcn0014761__0014761__person__P2_L1____.png,36,35,0
0211__08_53_36__i0211717__gcn0018441__0018441__person_____L1____.png,80,43,0
0211__09_51_09__i0246104__gcn0046336__0046851__person_____L2____.png,50,2,6
0211__09_51_09__i0246105__gcn0046336__0046855__person_____L1____.png,48,0,6
0211__09_52_38__i0246943__gcn0047988__0048235__person__P2_______.png,69,0,6
0211__10_10_23__i0256818__gcn0064091__0064098__person_____L1____.png,58,1,6
0211__11_05_14__i0289771__gcn0081209__0081353__person_____L2____.png,13,21,2
0211__11_05_14__i0289772__gcn0081209__0081354__person___________.png,15,7,2
0211__11_09_33__i0292361__gcn0082208__0082209__person__P2_L1____.png,54,41,0
0211__11_30_28__i0304908__gcn0086242__0086247__person__P1_L1____.png,69,30,3
0211__11_38_50__i0309926__gcn0089534__0089534__person__P2_______.png,25,49,2
0211__11_39_29__i0310324__gcn0090362__0090362__person__P2_L2____.png,87,28,7
0211__11_39_35__i0310378__gcn0090362__0090409__person___________.png,47,18,7
0211__11_43_16__i0312589__gcn0091646__0091646__person__P2_______.png,16,36,2
0211__11_48_05__i0315483__gcn0092455__0092958__person_____L1____.png,46,41,0
0211__12_11_43__i0329653__gcn0096534__0097761__person___________.png,87,21,6
0211__14_13_26__i0402704__gcn0118123__0118139__person_____L1____.png,43,55,3
0211__14_26_32__i0410105__gcn0126661__0126673__person_____L2____.png,50,29,1
0212__07_05_23__i0146756__gcn0000874__0000874__person__P2_______.png,13,34,6
0212__07_31_04__i0162169__gcn0003692__0003692__person_____L2____.png,68,38,3
0212__09_20_00__i0227515__gcn0031881__0032247__person___________.png,16,32,6
0212__09_23_45__i0229791__gcn0033207__0033209__person__P2_______.png,36,15,7
0212__09_33_49__i0235829__gcn0038291__0038506__person_____L1____.png,36,0,4
0212__10_03_19__i0253506__gcn0054324__0054324__person__P2_______.png,67,45,5
0212__10_33_54__i0271766__gcn0062108__0062111__person__P1_L1____.png,28,45,0
0212__16_50_39__i0497007__gcn0166792__0166801__person__P2_L1____.png,20,12,6
0212__17_08_05__i0507450__gcn0170755__0171106__person___________.png,72,4,0
0212__17_15_30__i0511914__gcn0171882__0172018__person___________.png,32,2,3
0213__09_49_35__i0245345__gcn0048957__0048969__person__P1_L1____.png,14,35,6
0214__10_49_55__i0281487__gcn0003605__0003633__person___________.png,24,8,3
0215__12_29_09__i0339594__gcn0155712__0155712__person__P1_L1____.png,30,55,2
0215__12_40_33__i0346009__gcn0163445__0164517__person___________.png,4,20,6
0220_12_04_26_i609079_id19983_tcn-19983_cn1582200268580985000_thr843.Sgl_different_place.jpg,58,14,3
0220_13_32_13_i661663_id26808_tcn-26805_cn1582205518947696000_thr989._crossing.jpg,41,34,1
0221_13_52_40_i1534529_id56033_tcn-56031_cn1582293163564900000_thr1000._different_place.jpg,24,31,6
0221_17_59_04_i1679212_id60838_tcn-60838_cn1582307949605197000_thr997.Sgl_looks_different.jpg,55,11,6
0222_16_23_53_i2477809_id72753_tcn-72753_cn1582388637652437000_thr713.Sg_bord_different_place.jpg,39,58,6
0224__08_58_47__i0214334__gcn0038937__0039372__person_____L2____.png,40,72,4
0224__09_58_44__i0250274__gcn0073131__0073131__person__P2_______.png,57,13,7
0224__10_07_51__i0255242__gcn0082249__0082249__multy_____L2____.png,2,9,2
0224__12_58_02__i1161290__gcn1614160661837723146__1614160681295115013__multy_1614160678613573311.png,54,72,8
0225__10_37_21__i0273020__gcn0082554__0082554__person__P1_L1____.png,36,12,2
0225__11_08_29__i0291701__gcn0096408__0096432__person_____L2____.png,36,13,8
0225__12_30_34__i0340482__gcn0129855__0130126__multy__P2_______.png,47,19,6
0225__12_47_48__i0350815__gcn0133745__0133745__multy__P2_______.png,81,12,6
0225__14_21_19__i0406950__gcn0150899__0150932__person__P2_L1____.png,72,15,6
0225__14_22_43__i0407789__gcn0151727__0151727__person__P2_______.png,20,35,3
0225__14_59_26__i0426329__gcn0178731__0178731__person__P1_L1____.png,8,60,7
0225__15_33_21__i0445893__gcn0198955__0198955__person__P1_L1____.png,28,8,3
0225__15_43_34__i0451479__gcn0207507__0207779__person___________.png,36,56,4
0225__15_44_02__i0451640__gcn0207761__0208487__multy__P2_______.png,55,58,4
0225__16_22_52__i0473555__gcn0235449__0235451__person__P2_______.png,48,17,7
0225__17_02_32__i0495607__gcn0256441__0256569__person_____L2____.png,27,47,3
0225__17_15_08__i0503092__gcn0263197__0263520__person__P2_L1____.png,1,1,3
0225__20_34_23__i0622782__gcn0273238__0273238__person_____L2____.png,48,52,0
0226_15_46_53_i5807634_id128831_tcn-128826_cn1582732021710507000_thr966.Out_.jpg,2,7,6
0226__07_10_40__i0149967__gcn0001491__0001491__person__P2_L1____.png,58,6,3
0226__10_28_28__i0267716__gcn0066635__0066635__multy_____L2____.png,43,62,6
0226__11_09_29__i0292330__gcn0074888__0074888__person__P2_______.png,64,11,6
0226__11_46_09__i0313799__gcn0085422__0085422__person__P2_L1____.png,18,19,2
0226__12_11_38__i0328962__gcn0096641__0096707__person___________.png,54,37,2
0226__12_11_39__i0328969__gcn0096641__0096716__person_____L1____.png,34,62,2
0226__12_11_40__i0328971__gcn0096641__0096720__person___________.png,32,57,2
0226__12_54_45__i0354064__gcn0112979__0112979__multy_____L2____.png,62,24,6
0226__12_54_52__i0354114__gcn0113123__0113123__multy_____L2____.png,70,14,6
0226__13_03_12__i0642730__gcn1614333787313707016__1614333787313707016__person_1614333783451472374.png,8,15,7
0226__15_21_32__i0442159__gcn0138431__0138431__person__P2_______.png,15,41,3
0226__17_00_38__i0501533__gcn0160825__0161653__person___________.png,48,20,3
0226__17_01_23__i0501841__gcn0162501__0162605__multy__P2_______.png,76,61,3
0226__17_14_41__i0510040__gcn0164721__0164807__person_____L2____.png,0,73,6
0226__18_35_52__i0558777__gcn0174604__0174604__person_____L2____.png,49,58,4
0226__18_35_53__i0558780__gcn0174604__0174604__person_____L2____.png,58,51,4
0227_14_16_57_i6602777_id135433_tcn-135433_cn1582813025232743000_thr971.Sgl_different_place.jpg,62,37,6
0227_14_50_06_i6622176_id135587_tcn-135587_cn1582815021113998000_thr825.Sg_bord_crossing.jpg,50,2,6
0227__07_23_19__i0157599__gcn0004232__0004250__person___________.png,40,24,0
0227__07_23_21__i0157612__gcn0004260__0004284__person___________.png,28,60,0
0227__07_43_54__i0169963__gcn0006680__0006680__person__P2_______.png,6,8,3
0227__08_47_26__i0207548__gcn0041838__0041838__person__P2_L1____.png,26,44,0
0227__08_47_27__i0207557__gcn0041838__0041838__person__P2_______.png,28,4,0
0227__09_17_45__i0225320__gcn0054697__0054697__person_____L2____.png,35,35,1
0227__09_17_50__i0225359__gcn0054697__0054817__person___________.png,4,20,1
0227__09_17_51__i0225368__gcn0054697__0054843__person___________.png,4,20,1
0227__21_41_15__i0081400__gcn0000709__0000710__person__P2_L2____.png,85,57,6
0228_11_30_47_i7343719_id144699_tcn-144699_cn1582889448733804000_thr791.Out_bord_different_place.jpg,5,65,6
0228_15_47_15_i7481407_id150258_tcn-150257_cn1582904851105465000_thr964.Out_.jpg,36,58,6
0228__09_39_35__i0239327__gcn0007259__0007366__person__P2_______.png,75,11,2
0228__09_39_36__i0239336__gcn0007259__0007598__person_____L1____.png,80,68,2
0228__09_46_03__i0243242__gcn0009948__0009974__person__P2_______.png,19,12,3
0228__16_39_22__i0491268__gcn0030731__0030731__person__P1_L1____.png,15,69,3
0228__16_55_20__i0500810__gcn0032115__0032239__person__P1_L2____.png,12,28,3
0228__18_10_59__i0546248__gcn0034621__0034799__person_____L2____.png,75,50,4
0228__20_11_19__i0618460__gcn0041676__0041676__person__P2_______.png,17,4,4
0229_08_54_12_i8074856_id156246_tcn-156246_cn1582966467964436000_thr944.Sgl_different_place.jpg,46,72,0
0229_10_30_27_i8122074_id158780_tcn-158780_cn1582972245330624000_thr869.In_bord_different_place.jpg,78,29,6
0229_12_12_15_i8175390_id160816_tcn-160816_cn1582978343786730000_thr983._crossing.jpg,10,18,4
0229_15_33_30_i8283357_id163280_tcn-163280_cn1582990419546897000_thr897.Sg_bord_.jpg,85,42,6
0301__07_27_37__i0160149__gcn0003555__0003555__person__P2_______.png,55,12,3
0301__07_58_34__i0178656__gcn0021866__0022490__person_____L2____.png,64,36,6
0301__08_21_13__i0192315__gcn0035941__0035963__person_____L2____.png,6,53,2
0301__08_30_00__i0197584__gcn0041065__0041252__person__P2_L2____.png,67,50,6
0301__09_44_35__i0004664__gcn0004168__0004238__person__P2_L2____.png,40,20,2
0301__09_44_35__i0004665__gcn0004168__0004245__person___________.png,40,20,2
0302__06_07_16__i0111942__gcn0006536__0006536__person__P1_L1____.png,17,30,6
0302__06_37_41__i0130194__gcn0006722__0006722__person_____L2____.png,56,24,6
0302__07_05_00__i0146576__gcn0010319__0010319__person_____L2____.png,22,35,0
0302__08_32_44__i0198754__gcn0058233__0058239__person_____L2____.png,68,46,6
0302__08_32_52__i0198828__gcn0058359__0058359__person_____L2____.png,42,49,0
0303__07_24_47__i0158455__gcn0007654__0007654__person__P1_L1____.png,20,8,3
0303__09_26_56__i0029245__gcn0015817__0015817__person__P1_L1____.png,18,3,6
0303__09_26_57__i0029256__gcn0015810__0016032__person_____L2____.png,42,5,1
0303__09_54_44__i0045934__gcn0025989__0025989__person__P1_L2____.png,27,28,2
0303__11_42_06__i0109704__gcn0046012__0046012__person_____L2____.png,13,1,6
0303__11_42_06__i0109708__gcn0046013__0046025__person___________.png,20,60,6
0303__12_56_09__i0154323__gcn0057331__0057337__person___________.png,4,14,1
0303__16_36_47__i0285297__gcn0116146__0116146__person__P1_L1____.png,4,36,3
0303__16_56_24__i0296973__gcn0118762__0119531__person_____L2____.png,35,12,0
0303__16_57_37__i0297343__gcn0121173__0121256__person___________.png,16,3,0
0303__16_57_50__i0297427__gcn0121448__0121465__person__P2_L2____.png,12,7,2
0303__20_54_54__i0439711__gcn0132477__0132477__person_____L2____.png,56,16,3
0304_17_29_48_i11646294_id212968_tcn-212968_cn1583343005168199000_thr958.Sgl_different_place.jpg,77,12,6
0304_17_29_49_i11646303_id212977_tcn-212977_cn1583343010692213000_thr943.Sgl_crossing.jpg,83,0,0
0305__11_14_48__i0293200__gcn0151231__0151231__multy_____L2____.png,55,8,6
0305__13_30_22__i0372675__gcn0210896__0210925__person__P2_L2____.png,12,10,5
0305__15_26_16__i0440822__gcn0277281__0277281__multy_____L2____.png,33,14,6
0305__16_21_28__i0473944__gcn0283219__0283219__person_____L2____.png,63,47,6
0305__16_39_12__i0484583__gcn0291038__0291038__multy___________.png,3,21,7
0315_10_24_10___i58_SGLB_CLR_TP0_ID112_CAM0_TP0_THR750_CN1584267850756981000_TCN-112_MOTION.png,43,2,7
0315_10_27_41___i4_LOOK_CLR_TP1_ID15_CAM0_TP1_THR956_CN1584268061958729000_TCN-15.png,1,4,6
0315_10_30_34___i8_LOOK_CLR_TP1_ID23_CAM0_TP1_THR950_CN1584268234787786000_TCN-23.png,11,63,7
0315_10_31_36___i13_LOOK_CLR_TP1_ID43_CAM0_TP1_THR999_CN1584268296394859000_TCN-43.png,85,72,6
0315_10_35_59___i44_SGLB_CLR_TP0_ID75_CAM0_TP0_THR750_CN1584268559610558000_TCN-75_MOTION.png,71,11,0
0315_10_38_12___i37_SGLB_TP1_ID62_CAM0_TP1_THR998_CN1584268692821997000_TCN-62.png,47,50,6
0315_10_43_21___i2_INB_CLR_TP1_ID11_CAM0_TP1_THR699_CN1584269001938298000_TCN-11.png,56,16,3
0317033__0716__13_16_12__________.png,9,42,6
0317_08_49_05___i411233_OUTB_LOOK_TP1_ID292962_CAM0_TP1_THR750_CN1584434947267521000_TCN-292962_MOTION.png,75,61,6
0349745__0716__08_28_01_______END.png,7,28,6
0405_08_44_50___i16447256_SNGL_CLR_TP1_ID10763344_CAM0_TP1_THR803_CN1586076300343129000_TCN-10763344.png,5,33,6
0408_17_10_22___i4948__________SM_______CR_TP1_ID908_CAM0_TP1_THR978_CN1586365822339815000_TCN-908___.png,5,5,5
0408_17_20_29___i11019__________SM_______CR_TP1_ID2598_CAM0_TP1_THR981_CN1586366427642264000_TCN-2598___.png,2,51,3
0408_17_21_07___i11402_SB________________CR_TP1_ID2897_CAM0_TP1_THR772_CN1586366469148947000_TCN-2897___.png,61,3,6
0408_18_33_01___i54549__________SM_______CR_TP1_ID5552_CAM0_TP1_THR750_CN1586370779363395000_TCN-5552_MN.png,58,19,7
0408_18_40_25___i58981__________SM_______CR_TP1_ID6012_CAM0_TP1_THR999_CN1586371225144970000_TCN-6012___.png,65,15,6
0408_19_09_57___i76712__________SM_______CR_TP1_ID7138_CAM0_TP1_THR939_CN1586372998411323000_TCN-7138___.png,55,33,6
0408_20_20_33___i119070___________________CR_TP2_ID8725_CAM0_TP2_THR673_CN-8725_TCN-8725___.png,40,16,6
0408_20_27_59___i123530__________SM__________TP1_ID9073_CAM0_TP1_THR967_CN1586377678953936000_TCN-9073___.png,20,5,6
0408_20_28_30___i123839_SG_______SM__________TP1_ID9164_CAM0_TP1_THR884_CN1586377711940568000_TCN-9164___.png,5,8,6
0408_21_14_36___i151498__________SM_______CR_TP1_ID10301_CAM0_TP1_THR750_CN1586380475626678000_TCN-10301_MN.png,67,69,3
0408_22_04_49___i181635___________________CR_TP1_ID10543_CAM0_TP1_THR685_CN-10542_TCN-10543___.png,37,25,6
0409_07_42_12___i528096__________SM_______CR_TP1_ID18333_CAM0_TP1_THR995_CN1586418132148012000_TCN-18333___.png,22,65,0
0409_09_06_11___i578390_SB________________CR_TP1_ID25386_CAM0_TP1_THR910_CN1586423174336641000_TCN-25386___.png,42,18,6
0409_10_13_17___i33416__________SM_______CR_TP1_ID12636_CAM0_TP1_THR960_CN1586427197595003000_TCN-12636___.png,83,21,0
0409_10_21_37___i38415__________SM_______CR_TP1_ID14717_CAM0_TP1_THR750_CN1586427699575701000_TCN-14717_MN.png,15,16,4
0409_11_09_32___i67161__________SM_______CR_TP1_ID18865_CAM0_TP1_THR971_CN1586430573646114000_TCN-18865___.png,69,25,3
0409_11_43_24___i87347_______PC__________CR_TP1_ID24402_CAM0_TP1_THR962_CN1586432603990607000_TCN-24402___.png,52,8,6
0409_12_31_52___i116162_______PC__________CR_TP1_ID29841_CAM0_TP1_THR996_CN1586435513273383000_TCN-29841___.png,50,34,6
0409_14_40_31___i192853__________SM_______CR_TP1_ID37254_CAM0_TP1_THR979_CN1586443233260329000_TCN-37254___.png,47,25,6
0409_15_50_55___i232156_OT_______SM_______CR_TP1_ID46637_CAM0_TP1_THR964_CN1586447457849126000_TCN-46637___.png,57,62,6
0409_16_38_12___i8827_SG_______SM_______CR_TP1_ID1082_CAM0_TP1_THR905_CN1586450294237627000_TCN-1082___.png,4,17,3
0409_17_11_35___i28856__________SM_______CR_TP1_ID5680_CAM0_TP1_THR750_CN1586452293387036000_TCN-5680_MN.png,61,40,6
0409_17_51_06___i52574_OT___________________TP1_ID7977_CAM0_TP1_THR753_CN1586454666717418000_TCN-7977___.png,48,22,6
0409_18_01_26___i58772__________SM_______CR_TP1_ID9808_CAM0_TP1_THR996_CN1586455286841918000_TCN-9808___.png,80,13,0
0409_19_02_53___i95640__________SM_______CR_TP1_ID12108_CAM0_TP1_THR996_CN1586458974700885000_TCN-12108___.png,44,35,3
0409_20_18_11___i140824__________SM_______CR_TP1_ID13092_CAM0_TP1_THR750_CN1586463489707645000_TCN-13092_MN.png,50,43,6
0409_20_34_02___i150339__________SM_______CR_TP1_ID13219_CAM0_TP1_THR996_CN1586464443934069000_TCN-13219___.png,68,36,6
0410_07_51_35___i556903__________SM_______CR_TP1_ID15245_CAM0_TP1_THR988_CN1586505093707078000_TCN-15245___.png,87,52,0
0410_08_59_13___i597483__________SM_______CR_TP1_ID19893_CAM0_TP1_THR960_CN1586509139561712000_TCN-19893___.png,20,10,7
0410_10_14_16___i642014__________SM_______CR_TP1_ID30468_CAM0_TP1_THR994_CN1586513655784143000_TCN-30468___.png,28,58,6
0410_10_21_15___i646101__________SM_______CR_TP1_ID31618_CAM0_TP1_THR977_CN1586514078645967000_TCN-31618___.png,81,48,6
0410_10_21_16___i646106__________SM__________TP1_ID31635_CAM0_TP1_THR987_CN1586514074930546000_TCN-31635___.png,87,0,0
0410_10_21_31___i646257_IB________________CR_TP1_ID31705_CAM0_TP1_THR876_CN1586514094281676000_TCN-31705___.png,72,32,7
0410_11_03_05___i670088_SB________________CR_TP1_ID38414_CAM0_TP1_THR910_CN1586516587904339000_TCN-38414___.png,10,27,6
0410_11_20_55___i680270__________SM_______CR_TP1_ID40527_CAM0_TP1_THR970_CN1586517658291048000_TCN-40527___.png,63,58,6
0410_12_31_58___i582676___________________CR_TP2_ID49927_CAM0_TP2_THR695_CN-49927_TCN-49927___.png,57,67,6
0410_13_44_30___i1764__________SM_______CR_TP1_ID405_CAM0_TP1_THR750_CN1586526269696756000_TCN-405_MN.png,80,19,6
0410_13_47_40___i3668__________SM_______CR_TP1_ID668_CAM0_TP1_THR795_CN1586526452416314000_TCN-668___.png,42,57,6
0413_11_03_07___i2466827__________SM__________TP1_ID1098745_CAM0_TP1_THR749_CN1586775873028049000_TCN-1098745___.png,32,69,6
0414_13_32_11___i7758__________SM_______CR_TP1_ID2476_CAM0_TP1_THR746_CN1586871127298431000_TCN-2476___.png,29,2,4
0414_14_56_58___i11833__________SM_______CR_TP1_ID8446_CAM0_TP1_THR724_CN1586876194212218000_TCN-8446___.png,25,2,4
0417_17_37_52___i1393273_OT_______SM_______CR_TP1_ID46955_CAM0_TP1_THR761_CN1587145075317746000_TCN-46955___.png,50,30,6
0417_18_04_52___i5923_SB________________CR_TP1_ID5981_CAM0_TP1_THR811_CN1587146694468996000_TCN-5981___.png,82,58,6
0417_19_30_05___i2839_SG_______SM__________TP1_ID2762_CAM0_TP1_THR978_CN1587151807000575000_TCN-2762___.png,34,11,6
0418_06_37_01___i362231__________SM_______CR_TP1_ID343124_CAM0_TP1_THR854_CN1587191839231284000_TCN-343124___.png,73,9,6
0418_08_49_18___i1357_SG___________________TP1_ID1228_CAM0_TP1_THR990_CN1587199760201556000_TCN-1228___.png,74,50,6
0418_10_22_10___i384___________________CR_TP1_ID520_CAM0_TP1_THR692_CN-520_TCN-520___.png,28,62,6
0420_19_08_11___i162884__________SM_______CR_TP1_ID492_CAM0_TP1_THR922_CN1587409693347516000_TCN-492___.png,69,6,6
0420_19_12_36___i166486__________SM_______CR_TP1_ID925_CAM0_TP1_THR750_CN1587409956301783000_TCN-925_MN.png,45,34,6
0421_13_28_38___i1074408__________SM_______CR_TP1_ID26918_CAM0_TP1_THR750_CN1587475718181840000_TCN-26918_MN.png,12,46,6
0421_18_01_38___i216519__________SM_______CR_TP1_ID4938_CAM0_TP1_THR662_CN1587492100314443000_TCN-4938___.png,9,27,6
0422_14_46_41___i207853__________SM_______CR_TP1_ID77966_CAM0_TP1_THR501_CN1587566802495880000_TCN-77966___.png,7,18,1
0422_15_19_49___i235133__________SM_______CR_TP1_ID93646_CAM0_TP1_THR993_CN1587568790488867000_TCN-93646___.png,18,47,6
0422_16_20_20___i285123__________SM_______CR_TP1_ID125025_CAM0_TP1_THR550_CN1587572422039701000_TCN-125025___.png,26,30,6
0422_16_24_43___i288557__________SM_______CR_TP1_ID127594_CAM0_TP1_THR750_CN1587572685693166000_TCN-127594_MN.png,0,20,6
0422_16_24_45___i288572__________SM_______CR_TP1_ID127616_CAM0_TP1_THR569_CN1587572685693166000_TCN-127616___.png,26,26,6
0422_18_45_37___i4746_IN___________________TP1_ID3502_CAM0_TP1_THR890_CN1587581139434643000_TCN-3502___.png,77,11,6
0422_19_08_39___i18568_IB________________CR_TP1_ID10346_CAM0_TP1_THR826_CN1587582521084733000_TCN-10346___.png,48,2,3
0422_19_15_42___i22804_SB________________CR_TP1_ID11982_CAM0_TP1_THR736_CN1587582944546985000_TCN-11982___.png,27,8,6
0422_19_19_39___i25172__________SM_______CR_TP1_ID13341_CAM0_TP1_THR717_CN1587583174975752000_TCN-13341___.png,78,23,7
0422_20_04_30___i52086__________SM_______CR_TP1_ID19286_CAM0_TP1_THR999_CN1587585871296941000_TCN-19286___.png,2,41,6
0422_20_28_52___i66709__________SM_______CR_TP1_ID21555_CAM0_TP1_THR892_CN1587587332344556000_TCN-21555___.png,66,43,5
0423_00_05_48___i196907_SB________________CR_TP1_ID27573_CAM0_TP1_THR772_CN1587600350102161000_TCN-27573___.png,50,51,6
0423_07_37_04___i467738__________SM_______CR_TP1_ID28507_CAM0_TP1_THR970_CN1587627425841409000_TCN-28507___.png,51,62,6
0423_08_38_42___i14986__________SM_______CR_TP1_ID4832_CAM0_TP1_THR987_CN1587631120428486000_TCN-4832___.png,76,60,6
0423_08_41_19___i16555_IB_______SM_______CR_TP1_ID5463_CAM0_TP1_THR992_CN1587631280947236000_TCN-5463___.png,79,58,6
0423_11_23_30___i113892___________________CR_TP1_ID22283_CAM0_TP1_THR695_CN-22283_TCN-22283___.png,59,52,5
0423_12_38_46___i159068___________________CR_TP1_ID27076_CAM0_TP1_THR678_CN-27076_TCN-27076___.png,4,8,5
0423_12_43_05___i161646_SB________________CR_TP1_ID27923_CAM0_TP1_THR940_CN1587645788731402000_TCN-27923___.png,25,11,6
0423_12_56_51___i169917__________SM_______CR_TP1_ID28624_CAM0_TP1_THR998_CN1587646608915447000_TCN-28624___.png,63,55,6
0423_13_06_05___i175460__________SM_______CR_TP1_ID29233_CAM0_TP1_THR902_CN1587647166544736000_TCN-29233___.png,84,36,6
0423_13_16_33___i181738__________SM_______CR_TP1_ID29319_CAM0_TP1_THR968_CN1587647794892545000_TCN-29319___.png,50,9,6
0423_13_22_05___i185060__________SM_______CR_TP1_ID29417_CAM0_TP1_THR942_CN1587648125790459000_TCN-29417___.png,70,39,3
0423_14_08_35___i212966__________SM_______CR_TP1_ID30490_CAM0_TP1_THR975_CN1587650912467157000_TCN-30490___.png,56,18,6
0423_15_59_25___i279197__________SM_______CR_TP1_ID45294_CAM0_TP1_THR750_CN1587657566136504000_TCN-45294_MN.png,24,47,6
0423_16_08_47___i284711_SG________________CR_TP1_ID47950_CAM0_TP1_THR721_CN1587658131026392000_TCN-47950___.png,79,28,6
0423_16_33_35___i299449_OT________________CR_TP1_ID53697_CAM0_TP1_THR950_CN1587659618503117000_TCN-53697___.png,81,40,3
0423_17_05_40___i318245__________SM_______CR_TP1_ID60854_CAM0_TP1_THR999_CN1587661543499791000_TCN-60854___.png,39,64,0
0423_17_58_33___i347790__________SM_______CR_TP1_ID72129_CAM0_TP1_THR909_CN1587664716889180000_TCN-72129___.png,15,24,6
0423_19_05_48___i387306__________SM_______CR_TP1_ID78420_CAM0_TP1_THR939_CN1587668751789029000_TCN-78420___.png,86,20,3
0424_08_06_56___i855713__________SM_______CR_TP1_ID84786_CAM0_TP1_THR932_CN1587715613950035000_TCN-84786___.png,80,35,3
0424_14_25_19___i2564102__________SM_______CR_TP1_ID622150_CAM0_TP1_THR874_CN1587738317172536000_TCN-622150___.png,67,29,3
0424_14_38_07___i1058478_SG________________CR_TP1_ID129102_CAM0_TP1_THR989_CN1587739094104426000_TCN-129102___.png,53,5,5
0424_16_36_31___i2671420__________SM_______CR_TP1_ID668268_CAM0_TP1_THR661_CN1587746194651517000_TCN-668268___.png,5,51,6
0424_16_58_11___i2689114__________SM_______CR_TP1_ID682445_CAM0_TP1_THR750_CN1587747493634176000_TCN-682445_MN.png,32,13,6
0424_18_28_39___i1183106_SG________________CR_TP1_ID149302_CAM0_TP1_THR989_CN1587752926121819000_TCN-149302___.png,78,30,0
0424_20_08_25___i1241467_SB________________CR_TP1_ID151013_CAM0_TP1_THR747_CN1587758910497732000_TCN-151013___.png,57,57,3
0429_11_33_31___i111701_SB________________CR_TP1_ID108966_CAM0_TP1_THR893_CN1588160013458694000_TCN-108966___.png,62,53,0
0430_14_40_11___i1206494_IB________________CR_TP1_ID524338_CAM0_TP1_THR987_CN1588257614195526000_TCN-524338___.png,47,31,4
0430_14_40_11___i1206496__________SM_______CR_TP1_ID524340_CAM0_TP1_THR992_CN1588257614195526000_TCN-524340___.png,20,21,4
0501_08_18_59___i1928002__________SM_______CR_TP1_ID924636_CAM0_TP1_THR950_CN1588321142244391000_TCN-924636___.png,4,18,6
0502_09_44_55___i14103_SB________________CR_TP1_ID1045_CAM0_TP1_THR950_CN1588412697464140000_TCN-1045___.png,63,22,6
0502_10_23_21___i37163__________SM_______CR_TP1_ID6693_CAM0_TP1_THR994_CN1588415002418115000_TCN-6693___.png,66,20,4
0502_12_04_34___i60462__________SM_______CR_TP1_ID10772_CAM0_TP1_THR999_CN1588421073200383000_TCN-10772___.png,14,46,6
0502_12_15_28___i67003__________SM_______CR_TP1_ID10973_CAM0_TP1_THR979_CN1588421728842839000_TCN-10973___.png,55,63,6
0502_12_18_19___i68722__________SM_______CR_TP1_ID11007_CAM0_TP1_THR990_CN1588421901476064000_TCN-11007___.png,4,44,3
0502_13_23_14___i107676__________SM_______CR_TP1_ID28988_CAM0_TP1_THR977_CN1588425794427848000_TCN-28988___.png,35,37,6
0502_13_43_14___i119680__________SM_______CR_TP1_ID39036_CAM0_TP1_THR962_CN1588426981032585000_TCN-39036___.png,13,45,6
0502_15_19_16___i177313__________SM_______CR_TP1_ID62522_CAM0_TP1_THR956_CN1588432757643391000_TCN-62522___.png,44,9,6
0502_17_49_59___i267774_SB_______SM_______CR_TP1_ID104739_CAM0_TP1_THR889_CN1588441801927028000_TCN-104739___.png,30,18,8
0502_17_59_20___i273386__________SM_______CR_TP1_ID105762_CAM0_TP1_THR989_CN1588442361854115000_TCN-105762___.png,68,0,6
0502_18_15_54___i6__________SM_______CR_TP1_ID120_CAM0_TP1_THR884_CN14_TCN-120___.png,15,35,7
0502_18_16_02___i119__________SM_______CR_TP1_ID672_CAM0_TP1_THR988_CN14_TCN-672___.png,28,6,7
0502_19_55_43___i343218_IB________________CR_TP1_ID119076_CAM0_TP1_THR956_CN1588449346954821000_TCN-119076___.png,72,48,3
0502_20_23_48___i360090__________SM_______CR_TP1_ID120743_CAM0_TP1_THR994_CN1588451030204790000_TCN-120743___.png,61,5,6
0503_13_12_38___i965550__________SM_______CR_TP1_ID129011_CAM0_TP1_THR997_CN1588511559850812000_TCN-129011___.png,20,65,6
0503_15_54_12___i1062514__________SM_______CR_TP1_ID136939_CAM0_TP1_THR995_CN1588521253821556000_TCN-136939___.png,44,31,3
0505_07_51_32___i611101__________SM_______CR_TP1_ID61100_CAM0_TP1_THR991_CN1588665093387587000_TCN-61100___.png,50,67,0
0505_10_37_18___i5955190_IB________________CR_TP1_ID1931143_CAM0_TP1_THR899_CN1588675041916241000_TCN-1931143___.png,75,8,7
0506_14_13_09___i22296_______PC_SM_______CR_TP1_ID1389_CAM0_TP1_THR990_CN1588774390719686000_TCN-1389___.png,8,12,3
0511_12_17_27___i11605493_IB________________CR_TP1_ID3596832_CAM0_TP1_THR881_CN1589199454263586000_TCN-3596832___.png,79,30,0
0527_16_30_40___i591241__________SM_______CR_TP1_ID1000025642_CAM0_TP1_THR650_CN1590597042971097000_TCN-1000025642_MN.png,50,8,4
0681780__0723__09_28_45_______END.png,20,27,6
0819__08_07_16__i0486031__gcn1597813631913084__1597813631913084__multy__P2_L2____.png,52,1,3
0877206__0723__12_11_39_______END.png,11,22,6
0922__19_05_03__i0001053__gcn0000210__0000210__person__P2_______.png,41,65,6
0922__19_56_36__i0031985__gcn0002654__0002677__person__P1_L2____.png,81,40,6
0923__07_16_46__i0440148__gcn0010945__0010945__person__P2_______.png,81,7,6
0923__07_59_33__i0465824__gcn0022583__0022583__person__P1_L2____.png,52,24,6
0923__09_17_29__i0512593__gcn0035530__0035530__person__P1_L1____.png,66,5,7
0923__10_52_52__i0569828__gcn0044490__0044494__person__P2_______.png,28,44,6
0923__12_07_32__i0614631__gcn0053663__0053714__person___________.png,15,5,7
0923__12_21_23__i0622948__gcn0062687__0062690__person__P2_L1____.png,87,1,6
0923__14_28_56__i0699488__gcn0082149__0082154__person__P2_______.png,38,51,3
0923__15_19_42__i0729952__gcn0092083__0092090__person__P1_L1____.png,84,5,6
0923__17_21_38__i0803121__gcn0111581__0111581__person__P2_L1____.png,25,28,3
0923__17_30_49__i0808629__gcn0112923__0112923__person_____L2____.png,36,72,7
0923__18_33_20__i0846147__gcn0122251__0122252__person_____L2____.png,32,61,6
0924__02_49_38__i1143968__gcn0133134__0133135__person_____L1____.png,82,0,6
0924__07_32_28__i1313693__gcn0136635__0136649__person__P2_______.png,67,11,3
0924__08_37_26__i1352677__gcn0149693__0149783__person_____L2____.png,71,31,3
0924__14_30_38__i1564628__gcn0197965__0197972__person__P1_L1____.png,32,54,6
0924__16_52_44__i1649890__gcn0221352__0221430__person_____L1____.png,80,14,6
0924__16_53_21__i1650273__gcn0221617__0221617__person__P2_______.png,38,35,0
0924__17_11_21__i1661046__gcn0225143__0225146__person_____L2____.png,56,30,0
0924__17_18_46__i1665506__gcn0227417__0227417__person_____L2____.png,78,60,3
0924__18_13_58__i1698614__gcn0234438__0234438__person_____L2____.png,1,4,6
0924__19_02_08__i1727537__gcn0240505__0240507__person___________.png,21,5,6
0924__19_02_08__i1727542__gcn0240505__0240529__person__P1_L2____.png,43,0,6
0924__22_08_01__i1839086__gcn0245453__0245467__person_____L2____.png,65,11,3
0925__07_42_50__i0309660__gcn0031456__0031456__person_____L2____.png,52,30,0
0925__08_09_49__i0325845__gcn0035410__0035415__person__P2_______.png,78,12,6
0925__08_29_42__i0337777__gcn0040406__0040486__person_____L1____.png,39,59,6
0925__14_03_35__i0538140__gcn0096722__0096722__person_____L2____.png,6,21,6
0925__14_26_02__i0551599__gcn0113935__0113963__person__P2_L1____.png,43,14,6
0925__18_59_59__i0715995__gcn0159040__0159040__person_____L2____.png,52,23,6
0926__10_50_44__i0470378__gcn0045376__0045546__person__P1_L2____.png,79,52,6
0926__12_45_01__i0538955__gcn0057647__0057654__person__P2_L2____.png,63,47,6
0926__13_31_22__i0566769__gcn0066610__0066627__person_____L2____.png,12,53,7
0928__10_40_31__i1410170__gcn0063273__0063273__person__P2_L1____.png,17,48,3
0928__12_53_52__i1490192__gcn0120896__0120896__person_____L2____.png,61,46,0
0928__13_32_01__i1513077__gcn0128585__0128585__person__P2_______.png,25,64,7
0928__17_01_25__i0005535__gcn0002625__0002625__person__P2_______.png,46,36,6
0929__08_51_40__i0575771__gcn0046090__0046090__person__P1_L1____.png,51,19,0
0929__17_00_11__i0868907__gcn0171279__0171279__person__P2_______.png,27,32,3
0930__07_50_15__i1403023__gcn0196914__0196914__person_____L2____.png,8,37,6
0930__08_49_23__i1438510__gcn0215684__0215684__person_____L2____.png,71,35,6
0930__08_51_57__i1440050__gcn0216550__0216550__person__P1_L2____.png,58,61,0
0930__09_10_07__i1450950__gcn0221849__0221849__person__P2_L1____.png,28,60,6
0930__12_13_44__i0077820__gcn0025329__0025329__person__P2_L1____.png,81,35,6
0930__12_13_44__i1554513__gcn0281223__0281223__person__P1_L1____.png,68,16,6
0930__12_55_22__i1577574__gcn0289934__0289934__person__P2_L1____.png,27,72,6
0930__14_57_47__i0176260__gcn0037040__0037040__multy_____L2____.png,85,47,6
0930__15_53_09__i0209275__gcn0041056__0041056__person__P2_______.png,77,33,6
0930__18_23_28__i0299723__gcn0047659__0047659__person__P2_L2____.png,58,49,6
1001__07_11_46__i0760804__gcn0048583__0048583__person__P2_______.png,22,39,6
1001__07_43_01__i0779595__gcn0050679__0050679__person__P2_L1____.png,8,36,0
1001__08_10_56__i0796354__gcn0051975__0051975__person__P2_______.png,57,8,0
1001__08_16_40__i0799791__gcn0052722__0052722__person__P2_______.png,42,55,3
1001__08_51_02__i0820417__gcn0055272__0055272__person__P2_L1____.png,73,63,6
1001__13_12_53__i0977574__gcn0080862__0080862__person_____L2____.png,71,2,6
1001__13_18_04__i0980682__gcn0081157__0081157__person__P2_______.png,60,55,6
1001__17_13_25__i1121890__gcn0106551__0106551__person__P2_L2____.png,81,14,0
1002__07_20_11__i0036763__gcn0001023__0001023__multy_____L2____.png,63,17,3
1002__07_24_36__i1629840__gcn0122123__0122123__person_____L2____.png,44,8,0
1002__07_25_51__i1630588__gcn0122285__0122285__person_____L2____.png,32,43,3
1002__08_58_05__i1685945__gcn0129422__0129422__person__P2_L2____.png,61,63,6
1002__09_00_36__i1687469__gcn0129635__0129635__person__P2_______.png,85,5,3
1002__14_03_50__i0015178__gcn0003801__0003801__person_____L2____.png,34,44,6
1002__18_19_32__i0167793__gcn0010249__0010249__multy__P2_L2____.png,64,56,6
1002__18_21_01__i0168737__gcn0010405__0010405__person__P2_L1____.png,40,13,6
2019-08-28_19-37-40_id140_.jpg,75,7,6
2019-08-30_07-56-38_id57767_moves____way_areaM.jpg,20,10,7
2019-08-30_09-01-39_id58972_.jpg,50,26,6
2019-08-30_10-44-54_id71580_appears_from_outside_.jpg,56,6,7
2019-08-30_17-04-25_id115462_.jpg,29,12,6
2019-08-31_11-09-53_id537_appears_from_outside_.jpg,67,73,0
2019-08-31_12-00-43_id6482_leaves__M.jpg,76,1,3
2019-09-13_11-13-02_id32948_leaves_outside_.jpg,32,49,6
2019-09-14_13-58-53_id862_non_similar_look_.jpg,16,41,6
2019-09-14_16-53-39_id4362__single_instance_1568480021502914000_at_.jpg,84,10,3
2019-09-16_08-16-22_id15928__.jpg,49,18,6
2019-09-16_12-33-21_id51432_non_similar_look_.jpg,80,72,6
2019-09-16_16-41-36_id81460_non_similar_look_.jpg,69,1,6
2019-09-16_17-57-21_id95232_non_similar_look_.jpg,51,64,3
2019-09-19_11-09-16_id30360_non_similar_look_.jpg,63,64,6
2019-10-08_09-40-03_i=507598_id=5412_cn=1570527602006909000_thr=998_descr__looks_different.jpg,46,17,6
2019-10-08_13-01-05_i=63911_id=2641_cn=1570539665868815000_thr=903_descr_Out_.jpg,26,23,6
2019-10-08_14-19-58_i=111243_id=7482_cn=1570544400028544000_thr=989_descr_In_.jpg,61,57,7
2019-10-09_11-53-19_i=7159_id=151_cn=1570621993037111000_thr=714_descr_Out@bord_.jpg,16,0,6
2019-11-18_09-20-53_i=67939_id=14637_cn=1574068875307972000_thr=545_descr_In_looks_different.jpg,44,25,6
2019-11-18_10-37-56_i=88736_id=17079_cn=1574073497121141000_thr=983_descr__looks_different.jpg,1,68,7
2019-11-18_10-37-56_i=88738_id=17084_cn=1574073497121141000_thr=994_descr__.jpg,0,53,7
2019-11-19_09-02-14_i=21118_id=1683_cn=1574154126986112000_thr=980_descr__.jpg,77,38,6
2019-11-19_09-23-50_i=38228_id=4304_cn=1574155436387539000_thr=918_descr__crossing.jpg,3,15,7
2019-11-19_10-12-30_i=72432_id=6587_cn=1574158365653378000_thr=996_descr_Sgl_.jpg,62,23,4
2019-11-19_12-34-43_i=41042_id=4602_cn=1574166887018609000_thr=744_descr_Out_.jpg,30,45,6
2019-11-19_14-09-46_i=65692_id=9643_cn=1574172637063684000_thr=972_descr__.jpg,26,1,6
2019-11-19_14-48-29_i=1411_id=1769_cn=1574174910974173000_thr=758_descr_Out@bord_.jpg,40,50,6
2019-11-19_14-49-41_i=2416_id=2590_cn=1574174962140599000_thr=968_descr__crossing.jpg,38,18,4
2019-11-20_09-32-09_i=326714_id=325921_cn=1574242343051083000_thr=909_descr__looks_different.jpg,0,58,0
2019-11-20_10-15-36_i=336557_id=327566_cn=1574244990929940000_thr=953_descr__looks_different.jpg,19,7,6
2019-11-20_11-19-29_i=28844_id=4780_cn=1574248775273681000_thr=659_descr_In@bord_.jpg,49,63,6
2019-11-20_12-34-00_i=69997_id=33227_cn=1574253275659925000_thr=835_descr_Sgl_.jpg,82,10,6
2019-11-20_14-32-49_i=52402_id=8711_cn=1574260355863765000_thr=950_descr__crossing.jpg,25,17,6
2019-11-20_14-53-31_i=71083_id=10317_cn=1574261614043220000_thr=855_descr_Sg@bord_.jpg,57,13,1
2019-11-20_16-08-09_i=132593_id=16485_cn=-16485_thr=590_descr__looks_different.jpg,74,12,7
2019-11-20_16-31-08_i=143472_id=17403_cn=1574267495056873000_thr=722_descr_Sg@bord_looks_different.jpg,21,14,3
2019-11-20_19-21-57_i=239627_id=20430_cn=1574277758799648000_thr=588_descr_In@bord_different_place.jpg,42,44,6
2019-11-21_08-55-54_i=16489_id=948_cn=1574326553963350000_thr=968_descr__crossing.jpg,44,4,2
2019-11-21_09-16-05_i=34635_id=2581_cn=1574327767735536000_thr=982_descr_Sgl_looks_different.jpg,42,38,6
2019-11-21_09-17-23_i=35664_id=3869_cn=1574327846552802000_thr=896_descr_Sgl_looks_different.jpg,63,23,6
2019-11-21_09-22-28_i=39468_id=4990_cn=1574328151879755000_thr=948_descr_Out@bord_looks_different.jpg,75,28,3
2019-11-21_09-26-08_i=41906_id=5756_cn=1574328367796669000_thr=974_descr__.jpg,19,10,4
2019-11-21_09-26-10_i=41920_id=5807_cn=1574328367796669000_thr=941_descr__.jpg,36,54,3
2019-11-21_09-26-11_i=41925_id=5824_cn=1574328367796669000_thr=995_descr__looks_different.jpg,38,62,4
2019-11-21_09-26-11_i=41926_id=5830_cn=1574328367796669000_thr=952_descr__looks_different.jpg,64,52,4
2019-11-21_09-39-50_i=49613_id=6925_cn=1574329199773743000_thr=995_descr__looks_different.jpg,11,71,6
2019-11-21_09-39-55_i=49627_id=6969_cn=-6969_thr=696_descr__looks_different.jpg,73,47,6
2019-11-21_09-56-28_i=55898_id=7819_cn=1574330209708616000_thr=944_descr_Out@bord_looks_different.jpg,64,0,6
2019-11-21_10-18-02_i=60181_id=8676_cn=1574331547201500000_thr=997_descr_In_different_place.jpg,30,12,4
2019-11-21_11-41-42_i=10516_id=540_cn=1574336498912416000_thr=686_descr__.jpg,60,33,5
2019-11-21_12-19-15_i=43998_id=6779_cn=1574338756124655000_thr=970_descr__crossing.jpg,21,20,7
2019-11-21_12-44-41_i=66236_id=9776_cn=1574340280786206000_thr=943_descr_Out_looks_different.jpg,85,55,0
2019-11-21_12-58-03_i=76037_id=11158_cn=1574341095944964000_thr=989_descr_Sgl_looks_different.jpg,88,72,6
2019-11-21_13-51-42_i=188_id=178_cn=1574344299310714000_thr=771_descr__crossing.jpg,1,9,6
2019-11-21_13-53-12_i=1515_id=840_cn=1574344391955507000_thr=997_descr__crossing.jpg,23,47,1
2019-11-21_13-53-13_i=1537_id=879_cn=1574344396468600000_thr=569_descr_In_.jpg,14,45,1
2019-11-21_13-54-03_i=2243_id=1531_cn=1574344446296236000_thr=736_descr_In@bord_looks_different.jpg,27,68,6
2019-11-21_13-56-29_i=4404_id=2476_cn=1574344592319997000_thr=880_descr_In_looks_different.jpg,71,9,1
2019-11-21_14-11-58_i=13464_id=5961_cn=1574345527481113000_thr=864_descr_Sg@bord_different_place.jpg,70,31,5
2019-11-21_16-45-59_i=20966_id=5839_cn=1574354762760652000_thr=907_descr_Out_.jpg,25,66,6
2019-11-21_16-48-13_i=22806_id=6028_cn=1574354900013471000_thr=995_descr_Sg@bord_looks_different.jpg,14,50,6
2019-11-22_10-55-18_i=31834_id=5142_cn=1574420115323165000_thr=982_descr_Out_.jpg,56,71,4
2019-11-22_11-15-04_i=48413_id=7309_cn=1574421302857106000_thr=800_descr_Out@bord_.jpg,44,60,6
2019-11-22_11-15-41_i=48686_id=7505_cn=-7505_thr=657_descr__looks_different.jpg,49,7,1
2019-11-22_11-17-51_i=49572_id=7993_cn=1574421479885770000_thr=772_descr_Sgl_different_place.jpg,69,48,1
2019-11-22_11-55-24_i=61874_id=9924_cn=1574423749140263000_thr=963_descr_In_different_place.jpg,40,21,6
2019-11-22_13-02-02_i=4281_id=1715_cn=1574427724986741000_thr=998_descr_Sgl_looks_different.jpg,69,31,7
2019-11-22_13-02-02_i=4283_id=1717_cn=1574427725063799000_thr=999_descr_Sgl_looks_different.jpg,51,44,7
2019-11-22_13-58-11_i=42050_id=7083_cn=1574431101364328000_thr=914_descr_In_different_place.jpg,13,36,6
2019-11-22_14-26-36_i=54765_id=8429_cn=1574432812473501000_thr=890_descr_Sgl_.jpg,87,59,6
2019-11-22_14-31-22_i=56130_id=8679_cn=1574433109137405000_thr=967_descr__.jpg,71,55,3
2019-11-22_14-31-28_i=56137_id=8702_cn=1574433119872199000_thr=855_descr_In_.jpg,87,21,3
2019-11-22_14-39-46_i=60365_id=8906_cn=1574433620247954000_thr=895_descr_Sgl_looks_different.jpg,22,23,1
2019-11-22_14-39-50_i=60375_id=8916_cn=-8916_thr=567_descr__looks_different.jpg,37,34,1
2019-11-22_15-43-46_i=27848_id=4134_cn=1574437427396834000_thr=825_descr_Out_.jpg,10,34,5
2019-11-22_15-53-06_i=36236_id=5035_cn=1574437985732685000_thr=902_descr_Out_.jpg,65,25,6
2019-11-22_16-12-11_i=53386_id=7382_cn=1574439128046116000_thr=997_descr__crossing.jpg,4,72,2
2019-11-22_16-36-54_i=75627_id=10108_cn=1574440616692826000_thr=568_descr_In_looks_different.jpg,58,15,7
2019-11-22_16-39-55_i=78381_id=10425_cn=1574440798126392000_thr=603_descr_In_looks_different.jpg,56,8,5
2019-11-22_16-39-56_i=78400_id=10444_cn=1574440799671890000_thr=854_descr_Sgl_looks_different.jpg,67,63,5
2019-11-22_16-54-57_i=91709_id=11959_cn=-11959_thr=681_descr__crossing.jpg,6,19,4
2019-11-22_16-54-57_i=91713_id=11966_cn=1574441700628054000_thr=978_descr__.jpg,87,70,2
2019-11-22_18-12-58_i=162004_id=12741_cn=1574446380820237000_thr=800_descr_Out_looks_different.jpg,83,31,3
2019-11-23_09-25-22_i=982926_id=14143_cn=1574501097695730000_thr=918_descr__looks_different.jpg,73,27,7
2019-11-23_09-48-40_i=994453_id=15726_cn=1574502543095344000_thr=636_descr_In_.jpg,41,6,5
2019-11-23_10-32-05_i=14544_id=590_cn=1574505127393799000_thr=710_descr_Sgl_.jpg,26,58,5
2019-11-23_13-23-25_i=167090_id=7045_cn=1574515411528893000_thr=775_descr_Sgl_different_place.jpg,88,24,3
2019-11-23_14-52-22_i=216532_id=10530_cn=1574520776757350000_thr=991_descr_Sgl_.jpg,82,49,5
2019-11-24_10-13-10_i=950459_id=3026_cn=1574590392030968000_thr=794_descr_Sg@bord_looks_different.jpg,57,60,0
2019-11-24_10-13-12_i=950479_id=3046_cn=1574590392117601000_thr=795_descr_Out_.jpg,57,17,0
2019-11-24_10-13-12_i=950486_id=3052_cn=1574590394085486000_thr=771_descr_In@bord_looks_different.jpg,83,11,0
2019-11-24_10-19-12_i=955883_id=3287_cn=1574590753615261000_thr=793_descr_Sgl_.jpg,79,47,6
2019-11-24_14-20-36_i=1173160_id=5531_cn=1574605239094283000_thr=644_descr_Out_.jpg,21,28,7
2019-11-25_09-07-42_i=2185845_id=8934_cn=-8934_thr=504_descr__.jpg,78,33,7
2019-11-25_09-13-18_i=2188864_id=9684_cn=1574673200046177000_thr=875_descr_Out_.jpg,9,3,3
2019-11-25_09-16-04_i=2190867_id=9812_cn=1574673369994656000_thr=997_descr_Out_.jpg,41,62,3
2019-11-25_09-16-06_i=2190882_id=9825_cn=1574673378163838000_thr=999_descr_In_looks_different.jpg,85,58,3
2019-11-25_09-18-05_i=2191969_id=10012_cn=1574673496940136000_thr=608_descr_In_different_place.jpg,15,6,3
2019-11-25_09-20-55_i=2192634_id=10277_cn=1574673670104559000_thr=968_descr_Sgl_.jpg,83,71,5
2019-11-25_09-30-26_i=2195712_id=10916_cn=1574674236014162000_thr=969_descr_Out_looks_different.jpg,3,0,6
2019-11-25_10-17-34_i=739_id=162_cn=1574677057596515000_thr=940_descr_In_looks_different.jpg,74,26,6
2019-11-25_10-18-37_i=1680_id=660_cn=1574677119402347000_thr=839_descr_Out_looks_different.jpg,80,12,6
2019-11-25_10-28-37_i=8653_id=3173_cn=1574677720127750000_thr=953_descr__.jpg,74,32,7
2019-11-25_10-28-37_i=8654_id=3175_cn=1574677720127750000_thr=965_descr__looks_different.jpg,65,29,7
2019-11-25_13-29-48_i=49448_id=7855_cn=1574688607761854000_thr=675_descr_In_.jpg,45,28,6
2019-11-25_14-11-34_i=66857_id=9442_cn=1574691130638790000_thr=604_descr_Out@bord_looks_different.jpg,51,56,2
2019-11-25_14-22-50_i=3340_id=1411_cn=1574691771939147000_thr=967_descr_Out_.jpg,3,12,7
2019-11-25_14-23-23_i=3857_id=1596_cn=1574691804099440000_thr=968_descr_Out_.jpg,29,47,8
2019-11-25_14-23-24_i=3869_id=1602_cn=1574691806486406000_thr=760_descr_In_looks_different.jpg,6,20,8
2019-11-25_14-31-43_i=11072_id=3381_cn=1574692306612735000_thr=816_descr_Out_.jpg,3,27,5
2019-11-25_14-40-18_i=18210_id=4354_cn=1574692824398549000_thr=990_descr__crossing.jpg,25,2,8
2019-11-25_14-47-40_i=23647_id=4979_cn=1574693270099782000_thr=680_descr_In_looks_different.jpg,31,33,6
2019-11-25_14-50-09_i=24695_id=5266_cn=1574693409002875000_thr=922_descr__crossing.jpg,41,11,7
2019-11-25_14-50-10_i=24696_id=5267_cn=1574693409002875000_thr=994_descr__crossing.jpg,39,4,7
2019-11-25_15-04-06_i=29153_id=6196_cn=1574694269394810000_thr=984_descr_In_crossing.jpg,5,34,3
2019-11-25_16-15-35_i=13689_id=1386_cn=1574698537336610000_thr=967_descr_In_crossing.jpg,7,20,6
2019-11-25_16-15-35_i=13689_id=1387_cn=1574698537336710000_thr=776_descr_In_.jpg,29,17,6
2019-11-25_16-21-20_i=18863_id=2158_cn=1574698882653247000_thr=928_descr_Out_.jpg,64,6,6
2019-11-26_08-31-39_i=891824_id=6935_cn=1574757101909517000_thr=720_descr_In_looks_different.jpg,0,38,6
2019-11-26_09-25-48_i=935526_id=9252_cn=1574760361952111000_thr=880_descr_Sgl_looks_different.jpg,35,37,6
2019-11-26_09-25-57_i=935550_id=9293_cn=1574760358340100000_thr=876_descr_Out_.jpg,57,49,6
2019-11-26_10-53-06_i=6412_id=2998_cn=1574765601347997000_thr=627_descr_In_.jpg,51,12,4
2019-11-26_11-37-37_i=15547_id=5105_cn=1574768309795685000_thr=982_descr_Out@bord_.jpg,10,26,4
2019-11-26_11-58-01_i=10300_id=915_cn=1574769478810993000_thr=512_descr__looks_different.jpg,34,48,4
2019-11-26_12-12-27_i=23333_id=1575_cn=1574770348864263000_thr=800_descr__.jpg,59,34,7
2019-11-26_15-32-10_i=130347_id=18561_cn=1574782380705407000_thr=922_descr_Sgl_.jpg,1,23,3
2019-11-26_17-31-10_i=39875_id=444_cn=1574789470956281000_thr=819_descr_Out_.jpg,60,32,6
2019-11-26_19-33-48_i=150242_id=2371_cn=1574796827882961000_thr=572_descr_Out_.jpg,48,51,0
2019-11-27_08-18-47_i=282925_id=445_cn=1574842727968532000_thr=538_descr_Out_.jpg,11,70,3
2019-11-27_09-14-37_i=333109_id=2967_cn=1574846076364835000_thr=990_descr__crossing.jpg,11,7,0
2019-11-27_09-33-19_i=349934_id=4186_cn=1574847202968922000_thr=994_descr_In_looks_different.jpg,50,71,3
2019-11-27_09-33-25_i=349993_id=4345_cn=1574847209303255000_thr=957_descr_Out_looks_different.jpg,2,72,3
2019-11-27_09-49-32_i=363480_id=5674_cn=1574848175542753000_thr=990_descr_Out_.jpg,82,17,3
2019-11-27_11-58-19_i=68686_id=9551_cn=1574855907048729000_thr=927_descr_In_looks_different.jpg,38,51,4
2019-11-27_12-00-41_i=69512_id=9896_cn=1574856049321366000_thr=755_descr_Sgl_looks_different.jpg,26,68,6
2019-11-27_12-05-20_i=71342_id=10281_cn=1574856326729253000_thr=598_descr_In_.jpg,84,29,7
2019-11-27_13-51-19_i=8847_id=2362_cn=1574862681891743000_thr=746_descr__looks_different.jpg,68,6,0
2019-11-27_14-06-39_i=21820_id=4802_cn=1574863603513617000_thr=879_descr_In_looks_different.jpg,46,41,7
2019-11-27_14-06-41_i=21838_id=4820_cn=1574863603513617000_thr=998_descr__crossing.jpg,14,16,4
2019-11-27_14-11-42_i=26127_id=5236_cn=1574863906230488000_thr=989_descr_In_.jpg,12,63,1
2019-11-27_14-41-29_i=37298_id=9518_cn=1574865704737616000_thr=772_descr_Out@bord_looks_different.jpg,34,27,6
2019-11-27_14-58-44_i=2965_id=483_cn=1574866720712238000_thr=999_descr__.jpg,19,50,6
2019-11-27_14-58-49_i=3017_id=620_cn=1574866720712238000_thr=999_descr__.jpg,2,62,0
2019-11-28_11-16-35_i=3322_id=5034_cn=1574939848936893000_thr=995_descr_Sgl_.jpg,75,29,6
2019-11-28_11-43-08_i=13118_id=4204_cn=1574941375991681000_thr=983_descr__.jpg,43,1,6
2019-11-28_12-07-06_i=20079_id=9964_cn=1574942840199278000_thr=998_descr__crossing.jpg,50,43,7
2019-11-28_13-01-32_i=151_id=66_cn=1574946092525054000_thr=941_descr__.jpg,38,30,4
2019-11-28_14-13-30_i=13395_id=11215_cn=-11215_thr=563_descr__.jpg,80,13,6
2019-11-28_15-50-12_i=33076_id=7763_cn=1574956205131218000_thr=988_descr__.jpg,63,11,4
2019-11-28_16-20-01_i=53237_id=9702_cn=1574958008155832000_thr=998_descr_Out_looks_different.jpg,68,14,6
2019-11-28_16-20-04_i=53245_id=9717_cn=1574958013022699000_thr=899_descr_Out_.jpg,83,69,6
2019-11-29_13-37-54_i=15652_id=1578_cn=1575034677004133000_thr=785_descr_Sg@bord_looks_different.jpg,54,72,0
2019-11-29_15-45-07_i=78001_id=8334_cn=1575042351115625000_thr=954_descr_In_looks_different.jpg,35,35,2
2019-11-30_11-55-04_i=873527_id=7915_cn=1575114877949767000_thr=999_descr__.jpg,15,51,6
2019-12-01_13-39-28_i=1134565_id=3264_cn=1575207570225797000_thr=873_descr_In@bord_.jpg,85,50,6
2019-12-01_13-51-03_i=1144982_id=3604_cn=1575208263247256000_thr=993_descr__.jpg,37,34,0
2019-12-01_15-04-33_i=1210975_id=6901_cn=1575212662105703000_thr=979_descr__.jpg,30,45,6
2019-12-01_15-04-34_i=1210979_id=6910_cn=1575212662105703000_thr=899_descr__.jpg,56,7,2
2019-12-01_17-13-03_i=1322589_id=25041_cn=1575220393870403000_thr=620_descr_In_looks_different.jpg,61,41,6
2019-12-02_12-13-45_i=5363_id=439_cn=1575288824456302000_thr=850_descr_Out_.jpg,17,31,6
2019-12-02_13-43-38_i=70103_id=7447_cn=1575294235178928000_thr=806_descr_In_looks_different.jpg,49,72,3
2019-12-02_13-45-57_i=70279_id=7799_cn=1575294389685628000_thr=889_descr_Sgl_.jpg,72,24,3
2019-12-02_14-07-45_i=77697_id=8932_cn=1575295702653136000_thr=985_descr_Out@bord_.jpg,13,39,6
2019-12-02_14-31-09_i=82072_id=9980_cn=1575297111059830000_thr=813_descr_Out_looks_different.jpg,53,2,3
2019-12-02_14-42-30_i=2851_id=5307_cn=1575297768490530000_thr=986_descr_Sgl_.jpg,75,32,6
2019-12-02_17-27-37_i=50985_id=8585_cn=1575307687043441000_thr=965_descr_In_.jpg,4,46,7
2019-12-02_18-51-46_i=3965_id=590_cn=1575312707745631000_thr=970_descr_Out_.jpg,63,54,6
2019-12-02_22-56-36_i=223175_id=16838_cn=1575327407985082000_thr=560_descr_In_looks_different.jpg,74,42,6
2019-12-05 06-55-45.i_471500.id_1580.cn_1575528946691556000.thr_861.descr_Out_bord looks_different.jpg,44,13,0
2019-12-05 10-45-11.i_609158.id_7750.cn_1575542707040752000.thr_897.descr_ crossing.jpg,60,7,3
2019-12-05 11-05-03.i_621080.id_10099.cn_1575543893627357000.thr_667.descr_ looks_different.jpg,56,50,6
2019-12-05 13-31-01.i_708195.id_17108.cn_1575552665980981000.thr_767.descr_In different place.jpg,51,4,5
2019-12-05 15-33-02.i_767093.id_22511.cn_1575559997361807000.thr_737.descr_Sgl looks_different.jpg,48,53,6
2019-12-08 10-32-36.i_661471.id_1489.cn_1575801157675946000.thr_998.descr_In looks_different.jpg,1,56,0
2019-12-08 10-32-36.i_661474.id_1492.cn_1575801157972739000.thr_999.descr_In looks_different.jpg,25,37,0
2019-12-09 09-33-02.i_1489585.id_6438.cn_1575883987645009000.thr_998.descr_ crossing.jpg,68,25,7
2019-12-09 09-44-35.i_1495739.id_7275.cn_1575884685151047000.thr_993.descr_Out .jpg,73,7,7
2019-12-09 10-19-53.i_1508464.id_9015.cn_1575886806929382000.thr_998.descr_ .jpg,9,33,6
2019-12-09 10-25-42.i_1509167.id_9270.cn_1575887163760891000.thr_718.descr_ crossing.jpg,29,16,5
2019-12-09 11-57-32.i_1536192.id_10562.cn_1575892637066964000.thr_971.descr_ .jpg,47,4,7
2019-12-09 12-00-57.i_1536999.id_10637.cn_1575892925792647000.thr_931.descr_ .jpg,59,63,3
2019-12-09 12-24-01.i_1545643.id_10765.cn_1575894310626031000.thr_976.descr_ looks_different.jpg,65,40,0
2019-12-09 12-24-47.i_1545651.id_10781.cn_1575894407870291000.thr_924.descr_ looks_different.jpg,48,14,6
2019-12-23 11-41-51.i_23994.id_3426.cn_1577101312241562000.thr_686.descr_ .jpg,55,8,6
2019-12-23 14-33-04.i_91543.id_9221.cn_1577111633710846000.thr_938.descr_ looks_different.jpg,20,64,0
2022_10_14__23_07_09__i00027951_id00218773_gcn00216967__1__person.png,8,40,5
2022_10_14__23_21_52__i00044010_id00320958_gcn00315215__1__person.png,64,27,5
2022_10_15__00_05_27__i00091041_id00548657_gcn00540532__1__person.png,11,9,4
2022_10_15__11_28_03__i00024127_id00112063_gcn00105193__1__person.png,50,6,7
2022_10_15__11_31_45__i00028129_id00138670_gcn00117569__1__person.png,76,8,7
2022_10_15__12_02_16__i00008772_id00076715_gcn00076083__1__person.png,2,27,8
CAMERA0_pattern.jpg,0,0,6
copy_1197_0105_13_11_38_i800505_id12673_cn1578229996078068000_thr757.Sgl .jpg,79,14,7
copy_9335_0409_09_06_17___i578436__________SM__________TP1_ID25473_CAM0_TP1_THR948_CN1586423178189130000_TCN-25473___.png,78,0,3
view_camera_coor_at_2019-08-31_13_53_45.jpg,16,0,6
